Task 1,Task 2,Task 3,Task 4,Task 5,Task 6,Task 7,Task 8,Task 9,Task 10
0.0014281701497751015,0.0001891464176793367,0.014625027675434138,0.00029623433990463854,0.011879374226930473,0.04442069803686875,0.0011254311686534416,0.009004677909348766,0.01541927299023571,0.0016119670851696523
0.009776232206174393,0.016287110310252984,0.013611496754031727,0.0010524641013316335,0.019373093123736133,0.005598051800377396,0.009287117976019662,0.012227492498861339,0.004058879248394032,0.008728061980820706
0.00726692941749893,0.006923836541892853,0.0018226392155160226,0.012528683590790249,0.04429999416734377,0.003142981336336434,0.000668061698272146,0.0014380028892365879,0.00346568728588224,0.01844318385723077
0.0013861511888600409,0.019983579084509484,0.01890963463043272,0.003909794932206036,0.0023832817331449763,0.007968996899036018,0.0026249438117003643,0.012654251727507625,0.022598503074644193,0.007580862917958545
0.0041566072236958185,0.005743343801419068,0.0061224889729561,0.015358893725148856,0.019578702022100596,0.004192616710702771,0.0034722178952324156,0.03175256827323106,0.005801347825244973,0.0038212135502683543
