Task 1,Task 2,Task 3,Task 4,Task 5,Task 6,Task 7,Task 8,Task 9,Task 10
0.1266078422265985,0.1015756067746999,0.016247854354022206,0.23021222993241403,0.020003759932121945,0.14538893284333035,0.031189400597463446,0.03407834430462928,0.040225716139614516,0.004470312895105848
0.03390369293463458,0.17096620321317457,0.07379620990624297,0.2108265620363598,0.04231529812395016,0.03241433573886174,0.032439043186963334,0.06702175909961529,0.04428847774555468,0.04202841801464288
0.052272968369870165,0.15346555639332637,0.03109909308449721,0.08512042703770856,0.0631681053645215,0.1388277275943757,0.07816148282603899,0.033191049563208466,0.07149368335318462,0.04319990641326842
0.07224365591648474,0.022821118374842575,0.024735034468131856,0.12524442454616513,0.22430603175958258,0.0771934013664449,0.10397626811690329,0.06500943191033784,0.0033652319303148874,0.031105401610792203
0.004635045188355225,0.007492792108747537,0.2852204374748844,0.1984042744394371,0.012130357907742334,0.004218926750038571,0.03210721668052002,0.154195848763581,0.016372091142680574,0.03522300954401325
